"_col0","cole_naturaleza"
"269.03389830508473","NO OFICIAL"
"221.16894446059902","OFICIAL"
