"_col0","cole_jornada"
"182.7852998065764","NOCHE"
"217.38317757009347","UNICA"
"287.73440643863177","COMPLETA"
"232.63418530351439","TARDE"
"239.17132292522598","MAÑANA"
